time/total_timesteps,time/iterations,time/fps,time/time_elapsed,train/clip_range,train/entropy_loss,train/approx_kl,train/loss,train/explained_variance,train/value_loss,train/policy_gradient_loss,train/learning_rate,train/clip_fraction,train/n_updates,eval/mean_ep_length,eval/mean_reward
12288,1,2965,4,,,,,,,,,,,,
24576,2,1245,19,0.2,-1.7778967176253597,0.015604262,363.8999328613281,0.001184225082397461,1872.6096495628358,-0.028336915903976963,0.0003,0.24984537760416667,10,,
36864,3,1092,33,0.2,-1.7406750566636522,0.014204704,230.4171142578125,0.00041961669921875,1093.5483726819357,-0.02589759559899297,0.0003,0.2250244140625,20,,
49152,4,1019,48,0.2,-1.679407866857946,0.017257622,228.32473754882812,0.21796578168869019,565.4289743820826,-0.027164412578955913,0.0003,0.242138671875,30,,
60000,,,,0.2,-1.5921730191757282,0.016940823,163.55760192871094,0.48485469818115234,450.94486853281654,-0.03180113892206767,0.0003,0.2778401692708333,40,8760.0,58499.24235291481
61440,5,852,72,,,,,,,,,,,,
73728,6,857,86,0.2,-1.4869577003642918,0.015301258,245.1370849609375,0.6272327899932861,489.1193691730499,-0.033577728445864825,0.0003,0.27569986979166666,50,,
86016,7,856,100,0.2,-1.370664338519176,0.017061343,196.90130615234375,0.7466615438461304,444.3262080272039,-0.03317888531843589,0.0003,0.32733561197916666,60,,
98304,8,856,114,0.2,-1.2227074414491654,0.018076755,198.68533325195312,0.8563650846481323,487.227605509758,-0.03713868557679234,0.0003,0.307080078125,70,,
110592,9,860,128,0.2,-1.0731130510568618,0.019708076,233.2753448486328,0.8809390664100647,822.6486838658651,-0.03294386854201245,0.0003,0.27854817708333335,80,,
120000,,,,0.2,-0.9128897720326979,0.018247442,291.0268249511719,0.8756304979324341,1530.010849428177,-0.022855885744502303,0.0003,0.19716796875,90,8760.0,72994.58704204559
122880,10,811,151,,,,,,,,,,,,
135168,11,814,165,0.2,-0.753697932853053,0.021196837,607.0250854492188,0.8156602382659912,2892.16763121287,-0.0183387868538072,0.0003,0.1152587890625,100,,
147456,12,818,180,0.2,-0.6289817731206616,0.009220626,1313.1029052734375,0.7803680896759033,4605.557304700215,-0.007078470871783793,0.0003,0.070703125,110,,
159744,13,822,194,0.2,-0.5188015256077051,0.0076212343,1297.5262451171875,0.7434296607971191,5154.576398468018,-0.006588541370971749,0.0003,0.06739095052083334,120,,
172032,14,826,208,0.2,-0.43313953078662354,0.0049246075,2262.6357421875,0.712489902973175,4865.289032236735,-0.004294844060981026,0.0003,0.042805989583333336,130,,
180000,,,,0.2,-0.38544236271021265,0.0036774569,1666.130859375,0.6128201484680176,3787.415362771352,-0.004589933050738182,0.0003,0.04523111979166667,140,8760.0,72852.02244596482
184320,15,796,231,,,,,,,,,,,,
196608,16,799,245,0.2,-0.33637737860747924,0.0014877709,1054.0274658203125,0.618114709854126,4048.7853927294414,-0.0020368626312119885,0.0003,0.018155924479166665,150,,
208896,17,803,260,0.2,-0.27964464770630004,0.004519142,1070.00537109375,0.6379480957984924,4147.464020093282,-0.0026883333688601852,0.0003,0.035782877604166666,160,,
221184,18,807,273,0.2,-0.24261699072085322,0.015675703,1599.1387939453125,0.645887017250061,4240.769992764791,-0.002877414417162072,0.0003,0.0267333984375,170,,
233472,19,809,288,0.2,-0.20708639045090724,0.0031443264,929.8165893554688,0.5512909889221191,2710.6712202390036,-0.001974341460784975,0.0003,0.024658203125,180,,
240000,,,,0.2,-0.19283882879341643,0.0008917747,1089.0531005859375,0.6266282796859741,2652.026613378525,-0.0014819337741452424,0.0003,0.013020833333333334,190,8760.0,72172.0754611969
245760,20,786,312,,,,,,,,,,,,
258048,21,787,327,0.2,-0.1721595538003991,0.0007671171,937.2498779296875,0.7246607542037964,2796.037224642436,-0.0011643438367173076,0.0003,0.010115559895833333,200,,
270336,22,790,341,0.2,-0.15594243862045307,0.00079003285,1033.5162353515625,0.776863694190979,2785.2732520103455,-0.0013499084450207496,0.0003,0.0087158203125,210,,
282624,23,792,356,0.2,-0.15159268848753224,0.0036007182,605.001953125,0.7478045225143433,2323.2156761487327,-0.0018700263758849663,0.0003,0.0160888671875,220,,
294912,24,796,370,0.2,-0.1425690273133417,0.0009901848,782.7212524414062,0.8062880635261536,1767.1876818656922,-0.001294365267191703,0.0003,0.0133544921875,230,,
300000,,,,0.2,-0.13090500246422987,0.0005808301,410.0687255859375,0.8678923845291138,1658.843736298879,-0.000924317638661402,0.0003,0.009309895833333333,240,8703.2,71534.25871067047
307200,25,777,395,,,,,,,,,,,,
319488,26,779,409,0.2,-0.1783962376920196,0.022276685,565.0339965820312,0.9036391973495483,1655.5355637391408,-0.00295280242038037,0.0003,0.034138997395833336,250,,
331776,27,782,424,0.2,-0.24552355009752017,0.0019341424,854.3946533203125,0.8796955347061157,1844.1554169972737,-0.002945742277855364,0.0003,0.030712890625,260,,
344064,28,784,438,0.2,-0.21065361122600734,0.0054001496,379.5338439941406,0.90555340051651,1366.7039262612661,-0.0030828790288069284,0.0003,0.042521158854166664,270,,
356352,29,785,453,0.2,-0.1894771007859769,0.0012742855,314.0222473144531,0.9368115663528442,1056.1669409275055,-0.0026945804022640613,0.0003,0.019938151041666668,280,,
360000,,,,0.2,-0.17360494756915917,0.0018743802,382.3813171386719,0.9518030285835266,958.0216712792715,-0.0020087777525380564,0.0003,0.018196614583333333,290,8760.0,72363.45566835403
368640,30,773,476,,,,,,,,,,,,
380928,31,776,490,0.2,-0.16347285552959268,0.0012002307,353.1520690917969,0.943724513053894,1239.3073291063308,-0.001874323577794712,0.0003,0.017138671875,300,,
393216,32,778,505,0.2,-0.14305986166000367,0.0024210184,277.3539123535156,0.9517886638641357,694.1271647135417,-0.0013980889959687678,0.0003,0.029606119791666666,310,,
405504,33,780,519,0.2,-0.1239268806297332,0.0014187436,143.40672302246094,0.9723309874534607,598.665758228302,-0.0012871286688702335,0.0003,0.020743815104166667,320,,
417792,34,782,533,0.2,-0.11211940441280603,0.0007492329,73.84607696533203,0.9825379848480225,474.0199296315511,-0.001423407056427095,0.0003,0.01318359375,330,,
420000,,,,0.2,-0.10216869886304873,0.0012395496,135.79327392578125,0.9838505387306213,334.68124899466835,-0.0015213219742387688,0.0003,0.015511067708333333,340,8760.0,72798.8378570795
430080,35,771,557,,,,,,,,,,,,
442368,36,773,572,0.2,-0.091448255306265,0.0024748417,456.45867919921875,0.9650152921676636,852.032091442744,-0.0008269549703982193,0.0003,0.015388997395833333,350,,
454656,37,774,587,0.2,-0.08549582334041285,0.0016739741,234.32359313964844,0.9819284081459045,464.88121563593546,-0.0004631818146056806,0.0003,0.012784830729166667,360,,
466944,38,771,605,0.2,-0.07566238766885362,0.00063718983,208.9357452392578,0.9890692234039307,353.9678399125735,-0.0006488845370768104,0.0003,0.008797200520833333,370,,
479232,39,769,622,0.2,-0.06903072886246567,0.00052803435,61.466983795166016,0.9893629550933838,224.05106303691863,-0.0006089816403497631,0.0003,0.009895833333333333,380,,
480000,,,,0.2,-0.06458978803129867,0.0007240249,252.67044067382812,0.9819183349609375,584.3037339448929,-0.00019467351460965195,0.0003,0.006673177083333333,390,8760.0,73158.69352352619
491520,40,755,650,,,,,,,,,,,,
503808,41,757,664,0.2,-0.058089664144790734,0.0032318744,89.15962219238281,0.9845202565193176,328.19365178346635,-0.001231713537951388,0.0003,0.020670572916666668,400,,
516096,42,759,679,0.2,-0.05123750180355273,0.0010577278,68.10511779785156,0.9945322871208191,180.2842941045761,-7.900276784008989e-05,0.0003,0.0094970703125,410,,
528384,43,760,694,0.2,-0.047050459467573094,0.00083025655,36.521636962890625,0.9941642880439758,149.47591592470806,-5.2392049595558396e-05,0.0003,0.012190755208333333,420,,
540000,,,,0.2,-0.052318910058723606,0.0005603047,106.05928802490234,0.9899958968162537,331.7895054996014,-0.0002779372252310471,0.0003,0.00615234375,430,8760.0,75350.80263962745
540672,44,751,719,,,,,,,,,,,,
552960,45,753,734,0.2,-0.04757498540032733,0.0013840318,152.82635498046875,0.9910227060317993,246.9397662738959,0.0006139450109913014,0.0003,0.013981119791666666,440,,
565248,46,754,748,0.2,-0.04334051421537879,0.0010199868,69.63532257080078,0.996740460395813,135.9177117307981,0.00016682309408982594,0.0003,0.0094970703125,450,,
577536,47,756,763,0.2,-0.040209198940525916,0.008499456,46.16437911987305,0.9956781268119812,105.68141211569309,-0.00029597680501562235,0.0003,0.014851888020833334,460,,
589824,48,758,777,0.2,-0.06382636884227395,0.0012939203,50.79533004760742,0.9878535866737366,171.8541192094485,-1.0323059783938031e-05,0.0003,0.015673828125,470,,
600000,,,,0.2,-0.04226255866936602,0.0032266963,73.88915252685547,0.9919511675834656,256.8033122678598,0.0005018512196935869,0.0003,0.015201822916666666,480,8760.0,73888.44426224232
602112,49,751,801,,,,,,,,,,,,
614400,50,753,815,0.2,-0.04155515030239864,0.0035792224,82.74494934082031,0.9958235621452332,190.9495782752832,-0.00025619179505156355,0.0003,0.015625,490,,
626688,51,755,829,0.2,-0.04029380845604465,0.0019582985,46.13083267211914,0.9969585537910461,146.87530958255132,-0.0008446573449570375,0.0003,0.013875325520833334,500,,
638976,52,756,844,0.2,-0.04356633132944505,0.0021283578,83.5625228881836,0.9946467280387878,160.71890329519908,-0.0004932040996209252,0.0003,0.01396484375,510,,
651264,53,756,860,0.2,-0.03657651334287948,0.0011370064,163.28878784179688,0.992245078086853,325.07303198973335,0.0006956626840595466,0.0003,0.009912109375,520,,
660000,,,,0.2,-0.031493792129307016,0.00146328,91.77897644042969,0.9953282475471497,184.9635850081841,0.002453791519898611,0.0003,0.013419596354166667,530,8760.0,76640.0467701912
663552,54,747,888,,,,,,,,,,,,
675840,55,745,906,0.2,-0.029822170264136125,0.002651373,46.835636138916016,0.9981066584587097,91.86377156674862,0.0006257021350999518,0.0003,0.011588541666666667,540,,
688128,56,743,926,0.2,-0.02901153444387698,0.0012191706,30.06468963623047,0.9966632723808289,111.3704811612765,0.00030291162305123485,0.0003,0.009602864583333334,550,,
700416,57,741,944,0.2,-0.03070468378076233,0.0008630997,213.7948455810547,0.993132472038269,297.1840121348699,5.338858075750371e-06,0.0003,0.007421875,560,,
712704,58,740,961,0.2,-0.026431926879134458,0.0020106975,21.655887603759766,0.9953387379646301,168.06155640482902,0.0022488321670001217,0.0003,0.01259765625,570,,
720000,,,,0.2,-0.02742625345114599,0.001863645,173.3888397216797,0.9976826906204224,142.93413094480832,0.0005941559207712999,0.0003,0.0118896484375,580,8760.0,75805.83073205948
724992,59,736,984,,,,,,,,,,,,
737280,60,738,997,0.2,-0.02876341039191175,0.0027843479,74.83551025390625,0.9971246123313904,131.8020380973816,0.00016995785626932046,0.0003,0.009342447916666666,590,,
749568,61,740,1011,0.2,-0.029880556564846,0.0005213354,91.08131408691406,0.9926568865776062,295.87546533942225,3.218878167293345e-05,0.0003,0.0050618489583333336,600,,
761856,62,741,1028,0.2,-0.026513123382998553,0.001362627,76.50748443603516,0.9929834604263306,198.6799736728271,0.004570448779850267,0.0003,0.01748046875,610,,
774144,63,741,1044,0.2,-0.02278541269048825,0.0030361742,37.603675842285156,0.9973971247673035,145.1211360534032,0.0011317227450490463,0.0003,0.012556966145833333,620,,
780000,,,,0.2,-0.023685905792020397,0.00079443183,49.54533004760742,0.9965752959251404,145.33290535211563,0.0001542920615368833,0.0003,0.0077555338541666664,630,8741.8,75763.68912827969
786432,64,736,1067,,,,,,,,,,,,
798720,65,738,1081,0.2,-0.025366561990267655,0.0059793014,69.29607391357422,0.9950402975082397,128.7812932352225,0.00017658276701695285,0.0003,0.009285481770833333,640,,
811008,66,739,1096,0.2,-0.02491236706525039,0.0030505965,77.36796569824219,0.9920336604118347,310.07177373965584,0.0002251663167650501,0.0003,0.011067708333333334,650,,
823296,67,740,1111,0.2,-0.021781417450074513,0.0028332334,83.38215637207031,0.9964465498924255,185.27121007641156,0.0023034783220888737,0.0003,0.0134765625,660,,
835584,68,742,1125,0.2,-0.021705158323372113,0.0006382135,74.65910339355469,0.9977957606315613,109.73867740233739,0.0006320384748202438,0.0003,0.0099853515625,670,,
840000,,,,0.2,-0.021958905154800354,0.00050798315,64.31900024414062,0.9967214465141296,102.18820829590162,0.0011155583289413093,0.0003,0.008406575520833333,680,8760.0,76675.49393835067
847872,69,737,1149,,,,,,,,,,,,
860160,70,738,1163,0.2,-0.021023448133200874,0.0005635209,158.1875457763672,0.9936245083808899,284.59102895259855,0.0011368101317202673,0.0003,0.0070149739583333336,690,,
872448,71,741,1177,0.2,-0.01791834174552302,0.0035611603,124.47573852539062,0.9953376650810242,178.6083222826322,0.004534671151244159,0.0003,0.0131591796875,700,,
884736,72,743,1190,0.2,-0.018847127956511635,0.0045136088,46.959407806396484,0.9970577359199524,170.07495468060176,0.0014415004351273333,0.0003,0.014339192708333334,710,,
897024,73,744,1204,0.2,-0.02057203705280699,0.0011566811,31.974254608154297,0.9969537854194641,149.57784490585328,-0.0001422976854276688,0.0003,0.00830078125,720,,
900000,,,,0.2,-0.021081802510222285,0.0012189598,176.44720458984375,0.992000162601471,351.52440994183223,-0.00027540000677011753,0.0003,0.007210286458333334,730,8760.0,75987.13699293137
909312,74,740,1228,,,,,,,,,,,,
921600,75,741,1242,0.2,-0.01616011049075799,0.018865434,77.1338882446289,0.9937494993209839,213.43922825455667,0.0023901443426439075,0.0003,0.016585286458333334,740,,
933888,76,743,1256,0.2,-0.01647572526123137,0.011739217,121.13798522949219,0.9973759055137634,165.75208166837692,0.0006363793104052699,0.0003,0.009993489583333333,750,,
946176,77,744,1270,0.2,-0.016652527280772725,0.00146269,65.49420166015625,0.9968785047531128,142.60326793988546,-0.0008975684688872813,0.0003,0.009464518229166666,760,,
958464,78,745,1285,0.2,-0.020666406392380546,0.0012978157,92.8302001953125,0.993118941783905,216.74690757989885,0.0005622342738206499,0.0003,0.008455403645833333,770,,
960000,,,,0.2,-0.013601482733641508,0.0058323215,131.47457885742188,0.990437924861908,202.8478980342547,0.011284696821773348,0.0003,0.020222981770833332,780,8733.2,74819.17179012299
970752,79,741,1308,,,,,,,,,,,,
983040,80,743,1322,0.2,-0.015011329533202418,0.0019422224,154.0613555908203,0.9957127571105957,201.46280036866665,0.0023421273717152266,0.0003,0.0128662109375,790,,
995328,81,745,1335,0.2,-0.013885323363471496,0.0025110526,149.3375701904297,0.9977426528930664,125.95869755446911,0.0004546014958274706,0.0003,0.009000651041666667,800,,
1007616,82,746,1349,0.2,-0.01602504125221458,0.002377992,49.819190979003906,0.9948602318763733,113.22833672265212,-0.0002757668145932257,0.0003,0.0084228515625,810,,
1019904,83,747,1364,0.2,-0.015900554773240098,0.00091281673,246.60072326660156,0.9912835359573364,370.3174056092898,0.0012478917444241234,0.0003,0.006917317708333333,820,,
1020000,,,,0.2,-0.014983545483755734,0.00086739013,130.3427734375,0.9944976568222046,191.96096935172875,0.0021049654016678685,0.0003,0.009407552083333333,830,8760.0,75241.69126853943
1032192,84,743,1388,,,,,,,,,,,,
1044480,85,745,1401,0.2,-0.015038785234870981,0.00097216974,154.54266357421875,0.9970505833625793,164.42608571251233,0.0012650400276470464,0.0003,0.0089111328125,840,,
1056768,86,746,1416,0.2,-0.016833763279191772,0.0016989826,56.49191665649414,0.9960514903068542,122.89691589872042,0.0010422821273095907,0.0003,0.009456380208333334,850,,
1069056,87,746,1431,0.2,-0.016578028334909806,0.001033378,169.94039916992188,0.9926337003707886,316.3258093814055,0.0009197965014512495,0.0003,0.006087239583333333,860,,
1080000,,,,0.2,-0.015062078921558471,0.0025102189,33.750816345214844,0.995250940322876,163.4176746447881,0.004639229906994539,0.0003,0.012955729166666667,870,8760.0,76949.40363230705
1081344,88,741,1457,,,,,,,,,,,,
1093632,89,742,1471,0.2,-0.01645360490965686,0.0016655285,50.462100982666016,0.9980906844139099,109.75852684577306,0.0016552161083382088,0.0003,0.010636393229166667,880,,
1105920,90,743,1486,0.2,-0.01992306071715575,0.051216125,28.58928680419922,0.9976047873497009,76.05861121316751,0.0014483366707281676,0.0003,0.012752278645833334,890,,
1118208,91,743,1503,0.2,-0.036507043373179233,0.00076944445,8616.287109375,0.9673272371292114,1571.0321552753448,-0.00013724699056183454,0.0003,0.008308919270833333,900,,
1130496,92,743,1520,0.2,-0.01989281948929905,0.0074414513,98.60103607177734,0.9966298341751099,151.7748670677344,0.002012587845577703,0.0003,0.014510091145833333,910,,
1140000,,,,0.2,-0.024087307692025207,0.0028743104,31.539377212524414,0.9978871941566467,121.40621080795924,0.000683908131516849,0.0003,0.013875325520833334,920,8760.0,72843.29379982948
1142784,93,739,1546,,,,,,,,,,,,
1155072,94,738,1563,0.2,-0.03644315495997338,0.00614355,50.58906555175781,0.9945225715637207,185.51644131739934,0.001393088433057225,0.0003,0.01650390625,930,,
1167360,95,738,1580,0.2,-0.04152147309335608,0.001908894,127.2387466430664,0.9912675619125366,196.15489416917165,0.0009272925769134114,0.0003,0.013248697916666666,940,,
1179648,96,738,1596,0.2,-0.023335149921270688,0.012285456,233.7889862060547,0.9933969378471375,293.33455342849095,-0.0002700907774851657,0.0003,0.0167236328125,950,,
1191936,97,740,1610,0.2,-0.02143770274290849,0.0035928953,94.47039794921875,0.9973265528678894,155.1771201690038,0.0008094664534534483,0.0003,0.015071614583333334,960,,
1200000,,,,0.2,-0.021921796561067217,0.0057845972,64.85812377929688,0.9981257319450378,140.09829201102258,0.0011209035515397166,0.0003,0.013460286458333333,970,8760.0,75749.66715126038
1204224,98,736,1634,,,,,,,,,,,,
1216512,99,737,1650,0.2,-0.02386390581359592,0.014655123,49.5958251953125,0.9967432022094727,138.20000850558282,-0.0006338833639650451,0.0003,0.017789713541666665,980,,
1228800,100,737,1665,0.2,-0.01994713463467027,0.002862564,129.58119201660156,0.9944175481796265,269.7534647425016,0.00016172134637599812,0.0003,0.0108154296875,990,,
1241088,101,738,1681,0.2,-0.013998615016438029,0.014184643,89.0389404296875,0.9952432513237,169.2317020912965,0.008609320428755987,0.0003,0.0186279296875,1000,,
1253376,102,738,1696,0.2,-0.01799351950151807,0.18823576,35.53729248046875,0.9980646371841431,108.44864164839188,0.000341018720791908,0.0003,0.024845377604166666,1010,,
1260000,,,,0.2,-0.019760402291437155,0.0032371134,83.64479064941406,0.9889430403709412,212.36135047475497,0.0023414184792879193,0.0003,0.013338216145833333,1020,8760.0,76764.30191788674
1265664,103,735,1720,,,,,,,,,,,,
1277952,104,736,1734,0.2,-0.020406580531198416,0.0008602243,93.03206634521484,0.9774498343467712,1568.4039894064267,-6.906005461739065e-05,0.0003,0.008162434895833333,1030,,
1290240,105,737,1749,0.2,-0.02088217834458798,0.0035206974,133.6920166015625,0.9940534830093384,205.63589578270913,0.0030377206652095388,0.0003,0.017293294270833332,1040,,
1302528,106,737,1765,0.2,-0.021768057933665357,0.0018033223,58.27670669555664,0.9970231652259827,153.72236247857413,0.003859342875512084,0.0003,0.012459309895833333,1050,,
1314816,107,738,1780,0.2,-0.029827759005032324,0.0017151042,84.36507415771484,0.9960044026374817,183.5971624771754,0.00035857430411851966,0.0003,0.0127197265625,1060,,
1320000,,,,0.2,-0.02925413052265261,0.0026308727,110.65995788574219,0.9954580664634705,241.71556645234426,-0.0005007974274728136,0.0003,0.013802083333333333,1070,8276.2,70905.81949253082
1327104,108,735,1804,,,,,,,,,,,,
1339392,109,736,1819,0.2,-0.012569126585003688,0.41512537,57.11132049560547,0.9960129261016846,146.2152921338876,0.010650626292044763,0.0003,0.04430338541666667,1080,,
1351680,110,736,1834,0.2,-0.04011217535777784,0.16474277,38.8779411315918,0.990277111530304,57.211933953563374,-0.0017930986015320136,0.0003,0.064599609375,1090,,
1363968,111,737,1849,0.2,-0.04126310906394792,0.00388076,974.2438354492188,0.9796680808067322,1373.4046887497107,-0.0004213349908241071,0.0003,0.0185302734375,1100,,
1376256,112,738,1864,0.2,-0.03143533344082243,0.0025001206,125.9218521118164,0.9942758083343506,159.46990125179292,1.7951163075243435e-05,0.0003,0.013484700520833334,1110,,
1380000,,,,0.2,-0.04886371734276811,0.0059386003,68.97015380859375,0.9913936853408813,273.50788342158,0.0010281625557884884,0.0003,0.018603515625,1120,8760.0,76808.93441245556
1388544,113,734,1890,,,,,,,,,,,,
1400832,114,735,1905,0.2,-0.039277656692987266,0.0031794885,64.7804183959961,0.9965053200721741,155.71780525048572,0.003876550580753246,0.0003,0.020353190104166665,1130,,
1413120,115,736,1919,0.2,-0.027606473438208923,0.0027151604,49.27524185180664,0.9972518086433411,138.61577842235565,-0.0009009014055967175,0.0003,0.015291341145833333,1140,,
1425408,116,736,1935,0.2,-0.021545610320420867,0.0021426287,131.4634552001953,0.9945086240768433,174.53272640307745,-0.00010411148759885691,0.0003,0.010611979166666667,1150,,
1437696,117,737,1949,0.2,-0.02860893799400704,0.0005867909,147.3755340576172,0.9910810589790344,344.8335123459498,0.0014570706737382958,0.0003,0.009586588541666666,1160,,
1440000,,,,0.2,-0.024892906459748097,0.0020781884,64.4569091796875,0.9960393905639648,163.14428012867768,0.0033257434840682737,0.0003,0.015568033854166666,1170,8760.0,76943.89807536601
1449984,118,734,1975,,,,,,,,,,,,
1462272,119,734,1990,0.2,-0.018765811716457394,0.0027485061,44.62418746948242,0.998126745223999,112.08049754103025,0.0017894558373275989,0.0003,0.010945638020833334,1180,,
1474560,120,735,2005,0.2,-0.016258284071106268,0.001923305,83.25141143798828,0.9953298568725586,146.24459189573923,0.00018550770691945219,0.0003,0.005159505208333333,1190,,
1486848,121,735,2021,0.2,-0.01615736851975574,0.004769998,75.00584411621094,0.9948713183403015,224.99756818215053,0.0017065981840763318,0.0003,0.007861328125,1200,,
1499136,122,736,2036,0.2,-0.014816037283253536,0.00705679,115.3606948852539,0.9934582114219666,156.4681740085284,0.013973463978860916,0.0003,0.021443684895833332,1210,,
1500000,,,,0.2,-0.01345812822452596,0.0054783165,57.5068244934082,0.99803227186203,130.75613894561926,0.003804465027011853,0.0003,0.0110107421875,1220,8760.0,76860.38313069343
1511424,123,733,2060,,,,,,,,,,,,
1523712,124,733,2077,0.2,-0.014908917936524328,0.0011988593,127.60430908203125,0.9964722990989685,125.50147992173831,0.0003569497309702759,0.0003,0.007828776041666667,1230,,
1536000,125,733,2095,0.2,-0.015730748325434737,0.0012961598,100.60314178466797,0.995125949382782,126.9763542274634,0.0007581280813610646,0.0003,0.00732421875,1240,,
1548288,126,733,2110,0.2,-0.015157828123725873,0.00055766525,73.90035247802734,0.9957372546195984,135.38363264699777,0.05512643593538087,0.0003,0.014827473958333334,1250,,
1560000,,,,0.2,-0.014428012016530071,0.003876217,46.22249221801758,0.9983102083206177,98.30264684359233,0.008713268181842674,0.0003,0.011165364583333334,1260,8760.0,77073.05363037586
1560576,127,731,2134,,,,,,,,,,,,
1572864,128,732,2148,0.2,-0.014344352407230568,0.0015336676,85.06387329101562,0.997485876083374,130.08971397280692,-4.9089930689660834e-05,0.0003,0.0067626953125,1270,,
1585152,129,732,2163,0.2,-0.014507000648336543,0.0017105952,97.5966796875,0.9958378076553345,155.89619934558868,0.0004005703628839304,0.0003,0.006355794270833334,1280,,
1597440,130,733,2177,0.2,-0.013094239726069646,0.0024309356,150.8704071044922,0.9935399889945984,241.86880266070366,0.004122124152248338,0.0003,0.008251953125,1290,,
1609728,131,733,2193,0.2,-0.007246519716651771,0.69917375,99.71148681640625,0.9969833493232727,114.50758225123087,0.01930129029157494,0.0003,0.04391276041666667,1300,,
1620000,,,,0.2,-0.0130191050268877,0.9895899,24.96514320373535,0.9888440370559692,54.8533343407015,-0.025590101216706292,0.0003,0.07796223958333333,1310,8641.0,72826.57760825157
1622016,132,731,2218,,,,,,,,,,,,
1634304,133,731,2233,0.2,-0.011391989784063602,0.002416079,81.86505889892578,0.9758764505386353,1390.0531046162048,0.00011160283102071845,0.0003,0.0073811848958333336,1320,,
1646592,134,732,2248,0.2,-0.018813031699452646,0.009073943,174.5618896484375,0.9906336069107056,395.0921952903271,0.002744402311873273,0.0003,0.0138916015625,1330,,
1658880,135,732,2263,0.2,-0.02078249544031981,0.0077610496,134.3860321044922,0.9953513741493225,165.03955890933673,0.009702908905455842,0.0003,0.017154947916666666,1340,,
1671168,136,733,2278,0.2,-0.018426402366048932,0.005253783,48.53034973144531,0.9976900815963745,115.76581472406785,-0.0003747917811172859,0.0003,0.009195963541666666,1350,,
1680000,,,,0.2,-0.018405140614337748,0.002240244,116.9233627319336,0.9950368404388428,138.96849613289038,-6.852321530459449e-06,0.0003,0.007926432291666667,1360,8760.0,76903.22813682556
1683456,137,731,2302,,,,,,,,,,,,
1695744,138,731,2317,0.2,-0.018515632696729276,0.011276319,117.6572036743164,0.9942705035209656,208.28460005919138,0.0003543888575222809,0.0003,0.0092529296875,1370,,
1708032,139,731,2334,0.2,-0.013869858560307572,0.7554157,35.42739486694336,0.9966327548027039,117.2270438114802,0.004269080404143703,0.0003,0.04962565104166667,1380,,
1720320,140,732,2349,0.2,-0.004562822179385269,1.6228858,54.65047836303711,0.9892805218696594,38.58242959914108,-0.029885976672327768,0.0003,0.07908528645833333,1390,,
1732608,141,732,2363,0.2,-0.005047313406460792,0.0026139074,2096.90625,0.9755738973617554,1396.8074655691782,-0.0002503387387453889,0.0003,0.004508463541666666,1400,,
1740000,,,,0.2,-0.014839184420361562,0.50318867,55.20113754272461,0.9949144124984741,161.18975092967352,-0.0016070374954627671,0.0003,0.02646484375,1410,8760.0,63349.769863319394
1744896,142,730,2389,,,,,,,,,,,,
1757184,143,730,2404,0.2,-0.022985850670314296,0.0019008514,324.37841796875,0.9766840934753418,665.7893999179204,0.0033288623884194144,0.0003,0.015852864583333334,1420,,
1769472,144,731,2419,0.2,-0.023102347898626856,0.04984926,147.16400146484375,0.9884142875671387,349.04482056299844,0.0006986941152717918,0.0003,0.015185546875,1430,,
1781760,145,731,2434,0.2,-0.0399428823331012,0.01663667,94.30501556396484,0.9923467040061951,213.542811914285,0.0003972676953708287,0.0003,0.020426432291666668,1440,,
1794048,146,732,2449,0.2,-0.049333074936172734,0.0022783896,98.92809295654297,0.9861201643943787,224.440132300059,-0.00012664493988268077,0.0003,0.017854817708333335,1450,,
1800000,,,,0.2,-0.042574475163443516,0.003376086,211.22500610351562,0.9916253089904785,388.1215581059456,0.0009519282019027741,0.0003,0.011002604166666667,1460,8760.0,71550.07077844143
1806336,147,730,2473,,,,,,,,,,,,
1818624,148,730,2488,0.2,-0.03334734831902703,0.0018934408,83.24797058105469,0.9954562187194824,224.0275156279405,0.0038623595428362023,0.0003,0.019816080729166668,1470,,
1830912,149,731,2502,0.2,-0.0351589122316606,0.0016457429,154.84706115722656,0.9969254732131958,210.35243722200394,-0.0001378741188091226,0.0003,0.0150146484375,1480,,
1843200,150,732,2517,0.2,-0.03842481623008401,0.00092090573,81.32054901123047,0.9936873912811279,223.80943792661031,0.0007281010075530503,0.0003,0.012052408854166667,1490,,
1855488,151,732,2531,0.2,-0.038766622653626355,0.0015640712,121.67048645019531,0.9924901127815247,368.90298269589744,-0.00029808722077480826,0.0003,0.010636393229166667,1500,,
1860000,,,,0.2,-0.030794225104727957,0.0030704278,112.229248046875,0.9950346350669861,184.67532090346018,0.00264666478469735,0.0003,0.015966796875,1510,8760.0,73744.49181449413
1867776,152,730,2556,,,,,,,,,,,,
1880064,153,731,2570,0.2,-0.02789192947390499,0.0045745657,58.190338134765625,0.9979952573776245,139.59792804519336,2.831610278614486e-05,0.0003,0.017097981770833333,1520,,
1892352,154,731,2585,0.2,-0.028804593788663624,0.004273767,63.81399154663086,0.9967135787010193,158.4402259627978,-0.00021961805929701466,0.0003,0.015372721354166667,1530,,
1904640,155,732,2600,0.2,-0.026631614686084503,0.018897703,62.077362060546875,0.9959195256233215,178.46420051356156,-0.00028232253486445795,0.0003,0.016341145833333334,1540,,
1916928,156,732,2615,0.2,-0.016193958394615036,0.0033448508,123.64413452148438,0.9943328499794006,112.43699752489725,0.005331230361480266,0.0003,0.012255859375,1550,,
1920000,,,,0.2,-0.0175379763805419,0.120607875,27.899456024169922,0.9975581169128418,104.65233368277549,0.0047072460159445955,0.0003,0.0181884765625,1560,8549.4,73545.38415505885
1929216,157,730,2639,,,,,,,,,,,,
1941504,158,731,2654,0.2,-0.022757851597816625,0.051015988,75.04651641845703,0.9792172908782959,1408.0216462035974,0.001445219657034613,0.0003,0.0152099609375,1570,,
1953792,159,731,2669,0.2,-0.03364455695712725,0.00517978,84.1603775024414,0.9964215159416199,169.192140909036,0.0010977955576284633,0.0003,0.027351888020833333,1580,,
1966080,160,732,2683,0.2,-0.02510977738602378,0.008561141,159.84449768066406,0.9955833554267883,152.71314695080122,-0.0002321724736248143,0.0003,0.014225260416666666,1590,,
1978368,161,733,2698,0.2,-0.016971315433935766,0.3593103,50.665950775146484,0.9971107244491577,94.00296690762043,0.009610515429327886,0.0003,0.0316650390625,1600,,
1980000,,,,0.2,-0.03142243570955543,0.52738774,35.069740295410156,0.9898442029953003,82.81337926536798,-0.011542862795370942,0.0003,0.06222330729166667,1610,8732.2,76490.45994346142
1990656,162,730,2723,,,,,,,,,,,,
2002944,163,731,2739,0.2,-0.06901365488253457,0.46043888,35.002384185791016,0.9982059001922607,97.37025764783223,-0.008312187347473809,0.0003,0.072509765625,1620,,
